REGIAO:;NE
UF:;BA
ESTACAO:;ACAJUTIBA
CODIGO (WMO):;A472
LATITUDE:;-11,65444444
LONGITUDE:;-38,01583333
ALTITUDE:;182
DATA DE FUNDACAO:;09/05/26
Data;Hora UTC;PRECIPITAÇÃO TOTAL, HORÁRIO (mm);PRESSAO ATMOSFERICA AO NIVEL DA ESTACAO, HORARIA (mB);PRESSÃO ATMOSFERICA MAX.NA HORA ANT. (AUT) (mB);PRESSÃO ATMOSFERICA MIN. NA HORA ANT. (AUT) (mB);RADIACAO GLOBAL (Kj/m²);TEMPERATURA DO AR - BULBO SECO, HORARIA (°C);TEMPERATURA DO PONTO DE ORVALHO (°C);TEMPERATURA MÁXIMA NA HORA ANT. (AUT) (°C);TEMPERATURA MÍNIMA NA HORA ANT. (AUT) (°C);TEMPERATURA ORVALHO MAX. NA HORA ANT. (AUT) (°C);TEMPERATURA ORVALHO MIN. NA HORA ANT. (AUT) (°C);UMIDADE REL. MAX. NA HORA ANT. (AUT) (%);UMIDADE REL. MIN. NA HORA ANT. (AUT) (%);UMIDADE RELATIVA DO AR, HORARIA (%);VENTO, DIREÇÃO HORARIA (gr) (° (gr));VENTO, RAJADA MAXIMA (m/s);VENTO, VELOCIDADE HORARIA (m/s);
2026/05/09;0000 UTC;;;;;;;;;;;;;;;;;;
2026/05/09;0100 UTC;;;;;;;;;;;;;;;;;;
2026/05/09;0200 UTC;;;;;;;;;;;;;;;;;;
2026/05/09;0300 UTC;;;;;;;;;;;;;;;;;;
2026/05/09;0400 UTC;;;;;;;;;;;;;;;;;;
2026/05/09;0500 UTC;;;;;;;;;;;;;;;;;;
2026/05/09;0600 UTC;;;;;;;;;;;;;;;;;;
2026/05/09;0700 UTC;;;;;;;;;;;;;;;;;;
2026/05/09;0800 UTC;;;;;;;;;;;;;;;;;;
2026/05/09;0900 UTC;;;;;;;;;;;;;;;;;;
2026/05/09;1000 UTC;;;;;;;;;;;;;;;;;;
2026/05/09;1100 UTC;;;;;;;;;;;;;;;;;;
2026/05/09;1200 UTC;,6;995,7;995,7;995,4;909,5;25,2;25;;;;;99;;99;146;5,7;2,8;
2026/05/09;1300 UTC;,4;995,4;995,7;995,4;1672,8;26,2;24,1;26,5;25;25,2;24,1;99;88;88;139;5,4;3;
2026/05/09;1400 UTC;0;994,7;995,4;994,7;1654,4;27,2;24,8;27,3;25,9;24,9;23,7;90;83;87;157;7,2;3,2;
2026/05/09;1500 UTC;1;993,9;994,7;993,9;2282,9;25,2;23,8;28,7;25,1;24,7;22,9;92;74;92;124;9,7;4,5;
2026/05/09;1600 UTC;,2;993,7;993,9;993,6;1882,3;26,8;23,7;27,4;25,2;24,9;23,2;94;83;83;113;10,5;4,4;
2026/05/09;1700 UTC;0;993,3;993,7;993,2;2070,8;28;22,7;28,1;26,7;24,2;22,4;85;71;73;125;10,4;5,3;
2026/05/09;1800 UTC;0;993,2;993,3;993,1;1287,2;27;22,3;28;27;22,9;21,8;78;71;75;122;9,9;4,7;
2026/05/09;1900 UTC;0;993,4;993,5;993,2;615;26,5;22,4;27;26,2;22,8;22;79;75;78;139;8,8;4;
2026/05/09;2000 UTC;0;994,2;994,2;993,4;498,6;25,6;21,4;26,6;25,6;22,5;21,4;79;75;78;139;10,1;3,5;
2026/05/09;2100 UTC;0;994,5;994,5;994,2;5,2;24,5;21,5;25,6;24,5;21,5;21,5;84;78;83;138;6,8;2,2;
2026/05/09;2200 UTC;0;994,9;994,9;994,5;0;24,1;21,2;24,6;24,1;21,5;21,2;84;83;84;155;4,1;1,4;
2026/05/09;2300 UTC;0;995,3;995,3;994,9;0;23,7;21,4;24,1;23,5;21,4;21,1;87;84;87;170;3,8;1,7;
2026/05/10;0000 UTC;0;995,1;995,3;995,1;0;23,3;21,3;23,7;23,2;21,4;21,3;89;87;89;177;3,9;2,2;
2026/05/10;0100 UTC;0;995,2;995,2;995,1;0;23,3;21,3;23,3;23,1;21,3;21,2;89;88;89;158;3,9;1,8;
2026/05/10;0200 UTC;0;995,3;995,4;995,1;0;23;21,7;23,4;23;21,7;21,3;92;88;92;124;4,7;,7;
2026/05/10;0300 UTC;0;995,1;995,3;995,1;0;22,6;21,5;23,3;22,6;21,8;21,4;94;91;94;187;3,2;1,3;
2026/05/10;0400 UTC;0;994,7;995,1;994,7;0;22,5;21,5;22,6;22,5;21,6;21,5;94;94;94;202;3,1;2;
2026/05/10;0500 UTC;0;994,2;994,7;994,2;0;22,3;21,4;22,6;22,3;21,6;21,4;95;94;95;199;3,4;2,1;
2026/05/10;0600 UTC;0;993,9;994,2;993,9;0;22,3;20,9;22,4;22,2;21,4;20,9;95;92;92;198;3,8;2,2;
2026/05/10;0700 UTC;0;994,1;994,1;993,8;0;22;20,7;22,3;22;20,9;20,7;93;92;92;204;3,5;2,1;
2026/05/10;0800 UTC;0;994;994,1;993,9;0;21,6;20,4;22;21,6;20,7;20,4;93;92;93;213;3,9;2,2;
2026/05/10;0900 UTC;0;994,4;994,4;994;9,7;21,6;20,4;21,6;21,4;20,4;20,3;93;93;93;205;4,1;2,7;
2026/05/10;1000 UTC;0;995,2;995,2;994,4;230,6;22,9;21;22,9;21,5;21,1;20,4;93;89;89;210;4,1;1,9;
2026/05/10;1100 UTC;0;995,8;995,8;995,2;906,6;24,8;21,6;24,8;22,7;21,8;20,9;91;82;83;204;3,9;2,1;
2026/05/10;1200 UTC;0;996,6;996,6;995,8;1645,6;25,9;22;26,8;24,5;22,6;21,3;84;76;79;150;4,7;2,5;
2026/05/10;1300 UTC;0;996,5;996,7;996,5;1783,7;27,5;22,2;27,7;25,9;23,2;21,6;82;72;73;116;6,2;3,1;
2026/05/10;1400 UTC;0;995,6;996,5;995,6;2517,3;28,8;21,8;28,9;27,4;22,5;21;74;64;66;125;6,2;2,4;
2026/05/10;1500 UTC;0;994,8;995,6;994,8;2233,4;29,2;21,3;29,2;27,9;22,2;19,8;68;59;62;104;6,5;2,5;
2026/05/10;1600 UTC;0;993,9;994,8;993,9;2307,5;29,4;20,6;29,7;28;21,8;18,7;65;54;59;145;6,9;2,9;
2026/05/10;1700 UTC;0;993,2;993,9;993,2;2157,1;28,7;20,1;30,3;28,5;21,6;20;63;56;60;144;6;2,7;
2026/05/10;1800 UTC;0;993;993,2;993;1429,8;28;21,4;29,4;27,9;22;20,2;68;60;67;119;6,2;2,8;
2026/05/10;1900 UTC;0;993,3;993,3;992,9;719,3;26,7;22,1;28,4;26,3;23,1;20,9;81;64;76;138;7,7;3,3;
2026/05/10;2000 UTC;0;993,7;993,7;993,3;221,6;25,6;22,2;26,7;25,6;22,2;21,2;82;74;82;146;5,4;3;
2026/05/10;2100 UTC;0;993,9;993,9;993,7;10,9;24,4;21,9;25,6;24,4;22,2;21,8;86;82;86;148;6,1;2,8;
2026/05/10;2200 UTC;0;994,7;994,7;993,9;0;23,7;21,6;24,4;23,7;22,1;21;89;84;88;118;5,9;1,5;
2026/05/10;2300 UTC;0;994,9;994,9;994,7;0;23,5;20,9;23,7;23,5;21,6;20,9;89;85;85;148;3,8;1,9;
2026/05/11;0000 UTC;0;995,2;995,2;994,9;0;22,9;20,8;23,5;22,8;21;20,8;89;85;88;167;3,6;1,6;
2026/05/11;0100 UTC;0;995,2;995,3;995,1;0;23,1;21,4;23,1;22,9;21,4;20,8;90;87;90;174;4,5;2,4;
2026/05/11;0200 UTC;0;995,2;995,3;995,2;0;22,7;21,7;23,2;22,7;21,9;21,4;94;90;94;184;4,7;2,6;
2026/05/11;0300 UTC;0;994,7;995,2;994,7;0;22,3;21,6;22,8;22,3;21,8;21,6;96;94;96;204;4;2,3;
2026/05/11;0400 UTC;0;993,9;994,7;993,9;0;22,1;21,6;22,3;22;21,7;21,5;97;96;97;202;3,9;2,7;
2026/05/11;0500 UTC;0;993,4;993,9;993,3;0;22;21,5;22,1;21,9;21,6;21,5;97;97;97;203;5;3,3;
2026/05/11;0600 UTC;0;992,8;993,4;992,8;0;21,6;21,3;22;21,6;21,5;21,3;98;97;98;198;5,2;3,3;
2026/05/11;0700 UTC;0;992,9;992,9;992,8;0;21,6;21,4;21,7;21,6;21,5;21,3;99;98;98;202;5,5;3,4;
2026/05/11;0800 UTC;0;993;993,1;992,8;0;21,5;21,3;21,6;21,4;21,4;21,2;99;98;99;202;5,2;2,5;
2026/05/11;0900 UTC;0;993,3;993,4;992,9;13,7;21,4;21,2;21,6;21,4;21,3;21,2;99;98;99;200;4,2;2,8;
2026/05/11;1000 UTC;0;994,1;994,1;993,3;229,4;22,5;21,8;22,5;21,4;21,9;21,2;99;96;96;200;4,7;2,8;
2026/05/11;1100 UTC;0;995;995;994,1;665,9;24;22,3;24;22,5;22,5;21,7;96;90;91;181;4,5;2,8;
2026/05/11;1200 UTC;0;995,4;995,4;995;1226,5;24,8;22,3;25,3;23,9;23,1;22,2;92;85;86;179;4,5;2,6;
2026/05/11;1300 UTC;0;995;995,5;995;1689,4;26,4;22,8;26,8;24,7;23,3;21,7;90;77;81;165;4,5;2;
2026/05/11;1400 UTC;0;994,3;995;994,3;2129,7;27,3;22,3;27,6;26;23,3;21,6;82;72;74;194;4,5;1,7;
2026/05/11;1500 UTC;0;993,5;994,3;993,5;1722,7;25,9;23,3;27,9;24,9;24,3;21,6;94;69;86;186;6,6;3,2;
2026/05/11;1600 UTC;0;992,3;993,5;992,3;2953,4;27,9;22,6;28,2;25,8;24,2;22,2;87;72;73;210;4,5;2,5;
2026/05/11;1700 UTC;2,4;992;992,3;992;1092,8;24,4;23,7;28,6;24,4;23,8;22,2;96;70;96;150;6,1;2,8;
2026/05/11;1800 UTC;,4;991,9;992;991,9;1033,4;26;23,8;26;24,4;24,3;23,7;97;88;88;198;5,7;3,5;
2026/05/11;1900 UTC;0;992,4;992,4;991,9;871,6;24,9;23,8;26,3;24,9;24,2;23,4;94;87;93;178;5,8;2,9;
2026/05/11;2000 UTC;,4;993;993;992,4;153,4;24,6;23,8;25,1;24,3;24,1;23,2;96;93;96;212;5;1,3;
2026/05/11;2100 UTC;0;993,6;993,6;993;3,8;24,4;23,6;24,6;24,4;23,8;23,5;96;94;95;179;2,6;1,3;
2026/05/11;2200 UTC;0;994,2;994,2;993,6;0;24,1;23,2;24,4;24,1;23,7;23,2;96;94;95;169;4,1;2,2;
2026/05/11;2300 UTC;0;994,9;994,9;994,2;0;23,7;23,1;24,1;23,7;23,2;23;96;95;96;178;4,3;2,3;
2026/05/12;0000 UTC;0;995,4;995,4;994,9;0;23,4;23;23,7;23,3;23,1;23;98;96;98;186;4,1;2,2;
2026/05/12;0100 UTC;0;995,4;995,5;995,4;0;23,4;23,2;23,4;23,4;23,2;23;99;98;99;190;4,3;2,4;
2026/05/12;0200 UTC;0;995,2;995,5;995,2;0;23,1;22,9;23,4;23,1;23,2;22,9;99;99;99;175;3,8;1,9;
2026/05/12;0300 UTC;0;994,8;995,3;994,8;0;23,2;23;23,2;23,1;23;22,9;99;99;99;183;3,8;2,4;
2026/05/12;0400 UTC;0;994,1;994,8;994,1;0;23,1;23,1;23,2;23,1;23,2;23;100;99;100;184;4,1;2,3;
2026/05/12;0500 UTC;0;993,8;994,1;993,8;0;23,1;23,1;23,2;23,1;23,2;23,1;100;100;100;177;3,6;,7;
2026/05/12;0600 UTC;1,6;993,4;993,8;993,4;0;23;22,9;23,2;23;23,1;22,9;100;99;99;147;2,7;1,5;
2026/05/12;0700 UTC;1,2;993,3;993,4;993,3;0;22,8;22,8;23;22,8;22,9;22,7;100;99;99;118;2,8;,7;
2026/05/12;0800 UTC;0;993,9;993,9;993,3;0;22,8;22,8;22,9;22,7;22,8;22,7;100;99;100;191;1,5;,6;
2026/05/12;0900 UTC;0;994,5;994,5;993,9;4,5;22,6;22,6;22,8;22,6;22,8;22,6;100;100;100;181;3,1;2,1;
2026/05/12;1000 UTC;,6;994,9;994,9;994,5;295,6;23,5;23,5;23,5;22,6;23,5;22,6;100;100;100;238;3,1;,8;
2026/05/12;1100 UTC;0;995,8;995,8;994,9;598,2;24,3;23,5;24,5;23,5;23,9;23,1;100;93;95;95;3,7;2,3;
2026/05/12;1200 UTC;0;995,8;996;995,8;1752,9;26,5;24,1;26,5;24,3;24,4;23,4;96;86;87;114;5,8;2,6;
2026/05/12;1300 UTC;0;995,6;995,9;995,6;1883,9;26,7;23,6;26,7;24,4;24,3;22,4;93;83;83;94;7,6;2,8;
2026/05/12;1400 UTC;0;994,8;995,6;994,8;2825,8;27,3;24;28;26,6;24,3;23;85;77;82;101;6,2;2,9;
2026/05/12;1500 UTC;4;994;994,8;994;1250,3;25,9;24,4;27,5;25;24,7;23,3;96;81;91;112;6,3;2,2;
2026/05/12;1600 UTC;0;993,3;994;993,2;1926,7;27,7;24,4;27,7;25,2;25,3;23,1;91;82;82;103;6,9;2,5;
2026/05/12;1700 UTC;0;992,5;993,3;992,5;1697,1;27,2;22,9;28,8;27,2;24,4;22,7;83;72;77;112;8,3;4,4;
2026/05/12;1800 UTC;0;992,2;992,5;992,2;1069,2;27,1;21,7;28,4;26,6;23,6;20,8;82;67;72;133;8,5;4;
2026/05/12;1900 UTC;0;992,7;992,7;992,2;1063,3;26,9;22,3;27,9;26,9;23,5;21,9;78;73;76;132;8,5;3,9;
2026/05/12;2000 UTC;0;993,4;993,4;992,7;413,3;25,8;22,1;26,9;25,8;22,7;21,7;80;73;80;127;7,1;2,9;
2026/05/12;2100 UTC;0;994;994;993,4;7,2;24,7;22,5;25,8;24,7;22,5;22,1;88;80;88;139;6,5;2;
2026/05/12;2200 UTC;0;994,7;994,7;994;0;24,1;22,4;24,7;24,1;22,6;22,3;90;88;90;150;4;1,9;
2026/05/12;2300 UTC;0;995,3;995,3;994,7;0;23,6;22,4;24,1;23,6;22,4;22,3;93;90;93;151;4,1;1,7;
2026/05/13;0000 UTC;0;995,8;995,8;995,3;0;23,4;22,3;23,6;23,4;22,4;22,3;94;93;94;162;3,6;1,8;
2026/05/13;0100 UTC;0;995,8;995,9;995,7;0;23,4;22,4;23,4;23,1;22,5;22,2;95;94;94;153;4,1;1,7;
2026/05/13;0200 UTC;0;995,8;995,9;995,7;0;22,8;22,2;23,4;22,7;22,4;22,1;97;94;97;190;4,1;1,7;
2026/05/13;0300 UTC;0;995,4;995,8;995,4;0;22,7;21,9;23;22,6;22,2;21,9;97;95;95;178;3,3;1,8;
2026/05/13;0400 UTC;0;994,9;995,5;994,9;0;22,4;21,8;22,7;22,4;22;21,8;97;95;97;198;3;1,6;
2026/05/13;0500 UTC;0;994,6;994,9;994,5;0;22;21,6;22,4;22;21,8;21,6;98;97;97;210;2,8;1,8;
2026/05/13;0600 UTC;0;994,3;994,6;994,3;0;21,7;21,3;22;21,7;21,6;21,3;98;97;98;203;2,8;1,5;
2026/05/13;0700 UTC;0;994,3;994,3;994,2;0;21,5;21,2;21,7;21,4;21,4;21,1;98;97;98;198;3,2;1,9;
2026/05/13;0800 UTC;0;994,3;994,4;994,2;0;21,3;21,1;21,5;21,3;21,2;21;99;98;99;193;3,5;2;
2026/05/13;0900 UTC;0;994,9;994,9;994,2;21,2;21,5;21,1;21,5;21,2;21,1;20,9;99;98;98;196;3,4;2;
2026/05/13;1000 UTC;0;995,7;995,7;994,9;245,3;22,2;21,5;22,2;21,5;21,5;21,1;98;95;96;196;4;2,4;
2026/05/13;1100 UTC;0;996,6;996,6;995,7;783,1;25,1;22,4;25,1;22,2;22,5;21,4;96;85;85;166;5;1,7;
2026/05/13;1200 UTC;0;997;997;996,5;1683,4;25,9;22,4;26,5;25,1;23;21,9;85;78;81;152;5,9;2,3;
2026/05/13;1300 UTC;0;996,9;997;996,8;1634,4;26,6;22;27,3;25,7;22,9;21,6;82;73;76;147;6,6;3,3;
2026/05/13;1400 UTC;0;996;996,9;996;2206,4;27,2;22,4;28,5;26,5;23,1;21,5;80;69;75;140;6,3;2,9;
2026/05/13;1500 UTC;0;995,1;996;995,1;2109,4;27,7;21,7;28,7;27,2;23,4;21,4;76;68;70;127;6,8;3;
2026/05/13;1600 UTC;0;994,2;995,1;994,2;2302,9;28;22;29,2;27,5;22,8;21,2;71;65;70;138;8;2,8;
2026/05/13;1700 UTC;0;993,6;994,2;993,6;2038,4;27,6;21,8;29,6;27,6;22,8;20,9;70;63;70;126;7,1;3,8;
2026/05/13;1800 UTC;0;993,5;993,6;993,4;2015,6;27,7;22,3;28,8;27,4;22,9;20,7;76;63;73;109;8,1;3,8;
2026/05/13;1900 UTC;0;993,7;993,7;993,4;1104,1;27;22,9;27,7;26,3;23;22,2;79;73;78;112;7,1;3,2;
2026/05/13;2000 UTC;0;994,3;994,3;993,7;354,4;24,7;22,3;27,1;24,5;22,8;21,1;87;75;87;118;8,5;1,9;
2026/05/13;2100 UTC;0;994,9;994,9;994,3;4,3;24,2;22,2;24,7;24,2;22,4;22,2;89;86;89;130;3,9;1,6;
2026/05/13;2200 UTC;0;995,7;995,7;995;0;23,5;21,8;24,2;23,5;22,2;21,8;90;89;90;120;3,1;1,2;
2026/05/13;2300 UTC;0;996,2;996,2;995,7;0;23,1;21,6;23,5;23;21,8;21,5;92;90;91;145;2,2;1;
2026/05/14;0000 UTC;0;996,5;996,5;996,2;0;22,8;21,4;23,1;22,8;21,6;21,4;92;91;92;154;2,3;1,3;
2026/05/14;0100 UTC;0;996,5;996,6;996,5;0;22,6;21,3;22,9;22,6;21,4;21,3;92;91;92;155;2,3;,9;
2026/05/14;0200 UTC;0;996,1;996,5;996,1;0;22;21,3;22,7;21,9;21,4;21,1;96;92;96;205;3;1,4;
2026/05/14;0300 UTC;0;995,7;996,1;995,7;0;22;21,3;22,3;22;21,5;21,2;96;95;96;192;3,1;1,8;
2026/05/14;0400 UTC;0;995,1;995,7;995,1;0;21,7;21,2;22;21,6;21,3;21;97;96;97;204;3;1,7;
2026/05/14;0500 UTC;0;994,5;995,1;994,5;0;21,3;20,9;21,7;21,2;21,2;20,9;98;97;98;213;2,7;1,5;
2026/05/14;0600 UTC;0;994,2;994,6;994,2;0;21,1;20,9;21,3;21;21;20,7;99;98;99;216;2,7;1,5;
2026/05/14;0700 UTC;0;994,1;994,2;994,1;0;21;20,8;21,2;20,9;21;20,7;99;99;99;219;2,5;1,6;
2026/05/14;0800 UTC;0;994,6;994,6;994,1;0;20,5;20,4;21;20,4;20,9;20,2;99;98;99;222;2,6;,8;
2026/05/14;0900 UTC;0;994,7;994,8;994,5;15,2;21,1;20,7;21,2;20,5;20,9;20,4;99;97;97;201;3,3;2,3;
2026/05/14;1000 UTC;0;995,5;995,5;994,7;159,3;22,8;21,3;22,8;21,1;21,4;20,7;98;91;91;198;3,6;1,3;
2026/05/14;1100 UTC;0;996,4;996,4;995,5;784,1;25;22,3;25;22,8;22,3;21,3;92;85;85;171;3,2;1,5;
2026/05/14;1200 UTC;0;996,8;996,8;996,4;1775,1;26,4;22,5;26,6;24,9;23,1;21,9;85;76;79;140;4,6;2,4;
2026/05/14;1300 UTC;0;996,7;996,8;996,7;1127,7;25,9;22,9;26,9;25,4;23,1;21,5;85;75;84;72;5;1,4;
2026/05/14;1400 UTC;,2;995,8;996,7;995,8;2062;27,9;22,7;27,9;24,7;23,2;22;90;73;74;92;6,1;2,1;
2026/05/14;1500 UTC;0;995,1;995,8;995,1;2345,5;28,3;21,4;28,5;26,6;22,9;21,1;76;64;66;93;5,9;3,3;
2026/05/14;1600 UTC;0;994,2;995,1;994,2;2733,2;28,6;21,7;29,5;27,9;22,4;20,6;68;61;66;137;6,8;2,4;
2026/05/14;1700 UTC;0;993,6;994,2;993,6;2402,6;29,1;20,1;29,2;28;21,6;19,6;66;57;58;130;6,2;3,3;
2026/05/14;1800 UTC;0;993,6;993,6;993,5;1696,2;28,1;20;29,1;28,1;21,1;19,4;63;58;61;115;7,1;3,3;
2026/05/14;1900 UTC;0;994;994;993,7;1125,7;27,5;20,6;28,4;27,3;21,2;19,8;68;61;66;114;5,9;2,5;
2026/05/14;2000 UTC;0;994,5;994,5;994;434;25,8;21,4;27,5;25,8;21,6;20,6;77;66;77;125;5,8;1,9;
2026/05/14;2100 UTC;0;995;995;994,5;10,1;24,2;20,9;25,8;24,2;21,6;20,9;82;77;82;143;4,2;1,7;
2026/05/14;2200 UTC;0;995,5;995,5;995;0;23,5;21;24,2;23,4;21;20,7;86;82;86;157;3,2;1,3;
2026/05/14;2300 UTC;0;996,3;996,3;995,5;0;22,9;21;23,6;22,9;21,1;20,9;89;86;89;159;3;1,3;
2026/05/15;0000 UTC;0;996,8;996,8;996,3;0;22,9;21,2;23;22,7;21,2;21;91;89;90;170;3;1,7;
2026/05/15;0100 UTC;0;996,9;996,9;996,8;0;22,4;21,1;23;22,4;21,2;21;92;90;92;178;3;1,7;
2026/05/15;0200 UTC;0;996,8;996,9;996,8;0;22,2;21,1;22,5;22,2;21,3;21;93;92;93;196;2,8;1,7;
2026/05/15;0300 UTC;0;996,2;996,8;996,2;0;21,8;21;22,3;21,7;21,2;20,9;96;93;96;214;3,2;2;
2026/05/15;0400 UTC;0;995,7;996,2;995,7;0;21,6;20,8;21,8;21,5;21;20,7;96;95;95;214;3,4;2;
2026/05/15;0500 UTC;0;995,4;995,7;995,4;0;21,4;21,1;22;21,4;21,1;20,8;98;94;98;164;5;1,8;
2026/05/15;0600 UTC;,4;994,9;995,4;994,8;0;21,5;21,2;21,6;21,4;21,4;21,1;99;98;98;206;3,8;2,2;
2026/05/15;0700 UTC;0;994,9;994,9;994,8;0;20,7;20,5;21,5;20,6;21,1;20,4;99;98;99;222;3,7;1,6;
2026/05/15;0800 UTC;0;995,2;995,2;994,9;0;20,9;20,6;21,1;20,7;20,9;20,5;99;98;98;199;2,3;,9;
2026/05/15;0900 UTC;0;995,6;995,6;995,2;11,9;20,7;20,6;20,9;20,4;20,6;20,2;99;98;99;223;2,6;1,9;
2026/05/15;1000 UTC;0;996,3;996,3;995,6;153;22,6;21,6;22,6;20,7;21,7;20,6;99;94;94;219;3,9;2,3;
2026/05/15;1100 UTC;0;997;997;996,3;659,8;24,6;22,1;24,7;22,6;22,6;21,6;95;86;86;187;4,3;2,5;
2026/05/15;1200 UTC;0;997,2;997,3;997;1934,3;25,7;22,9;25,7;23,7;23,2;21,8;92;83;85;93;5,6;1,9;
2026/05/15;1300 UTC;0;996,9;997,2;996,9;1995,5;26,1;21,1;26,9;25,6;23;21,1;85;74;74;144;5,5;2,7;
2026/05/15;1400 UTC;0;996,2;996,9;996,2;2958,3;27,9;20,6;28,5;26,1;21,8;20;74;62;64;182;6,5;2,4;
2026/05/15;1500 UTC;0;995,2;996,2;995,2;3115,2;29;20,6;29,2;27,3;21,8;19,9;69;59;60;147;6,2;2,9;
2026/05/15;1600 UTC;0;994,3;995,2;994,3;3035,5;29,2;20,5;29,8;28,6;21,8;20;65;57;59;132;6,2;2,9;
2026/05/15;1700 UTC;0;993,4;994,3;993,4;2086,1;29,6;21,6;29,9;28,1;22;20,1;68;57;62;146;6;1,8;
2026/05/15;1800 UTC;0;993,1;993,4;993,1;1430,4;28;21,4;29,8;27,4;22,7;20,9;74;60;67;122;8,4;3,2;
2026/05/15;1900 UTC;0;993,3;993,3;993,1;661,1;26,8;21,8;28;26,8;22,4;21,1;75;67;74;121;7,2;2,9;
2026/05/15;2000 UTC;0;993,5;993,5;993,3;363,2;25,8;21;27,2;25,8;22,1;21;75;70;75;122;6,2;2,2;
2026/05/15;2100 UTC;0;994,1;994,1;993,5;7,5;24,5;21,4;25,8;24,5;21,5;21;83;75;83;135;4,5;1,9;
2026/05/15;2200 UTC;0;994,8;994,8;994,1;0;23,7;21,6;24,5;23,7;21,6;21,4;88;83;88;159;3,7;1,5;
2026/05/15;2300 UTC;0;995,3;995,3;994,8;0;23,3;21,5;23,7;23,2;21,6;21,5;90;88;90;166;3,3;1,5;
2026/05/16;0000 UTC;0;995,6;995,6;995,3;0;22,9;21,2;23,3;22,9;21,5;21,2;91;90;91;164;3;1,5;
2026/05/16;0100 UTC;0;995,8;995,8;995,6;0;22,6;21,1;22,9;22,6;21,3;21,1;92;91;92;173;3,3;1,4;
2026/05/16;0200 UTC;0;995,5;995,8;995,5;0;22,2;21,2;22,7;22,2;21,3;21,1;94;92;94;184;3,1;1,6;
2026/05/16;0300 UTC;0;995,1;995,5;995,1;0;22,3;21,2;22,5;22,2;21,4;21,1;94;92;93;177;3;1,6;
2026/05/16;0400 UTC;0;994,6;995,1;994,6;0;21,3;20,8;22,4;21,3;21,3;20,7;97;93;97;223;2,7;,8;
2026/05/16;0500 UTC;0;994,1;994,6;994,1;0;21,4;20,9;21,5;21,2;21,1;20,8;98;97;97;207;2,1;1,2;
2026/05/16;0600 UTC;0;993,7;994,1;993,7;0;21,1;20,8;21,4;21;21;20,6;98;97;98;223;2,5;1,7;
2026/05/16;0700 UTC;0;993,9;993,9;993,5;0;21,2;20,8;21,6;21,1;21,2;20,8;99;97;98;220;2,7;1,5;
2026/05/16;0800 UTC;0;993,9;994;993,8;0;20,7;20,5;21,2;20,7;20,8;20,5;99;98;99;224;2,6;1,4;
2026/05/16;0900 UTC;0;994,5;994,5;993,9;10,2;20,8;20,6;21;20,7;20,8;20,6;99;98;98;222;3;1,8;
2026/05/16;1000 UTC;0;995,2;995,2;994,5;150,3;22,7;21,4;22,7;20,8;21,5;20,6;99;93;93;219;3,6;2,2;
2026/05/16;1100 UTC;0;995,7;995,7;995,2;1004,5;24,7;22;25;22,7;22,6;21,5;93;84;85;184;4,2;2,4;
2026/05/16;1200 UTC;0;996;996,1;995,8;1992,4;26;21,9;26,6;24,7;22,7;21,8;87;76;78;169;5,1;2,7;
2026/05/16;1300 UTC;0;995,7;996;995,7;2735,7;27,8;21,8;28,1;26;22,6;20,7;79;66;70;146;5,6;2,8;
2026/05/16;1400 UTC;0;995,1;995,7;995,1;3147,2;28,7;21,3;28,9;27,8;22,6;20;72;60;64;117;5,9;2,7;
2026/05/16;1500 UTC;0;994,1;995,1;994,1;3128,8;29,6;20,5;29,8;27,9;21,9;19,5;66;56;58;116;5,2;2,3;
2026/05/16;1600 UTC;0;993,2;994,1;993,2;2607,3;29,2;21,2;30,2;28,3;21,6;20,1;65;56;62;116;5,9;2,3;
2026/05/16;1700 UTC;0;992,5;993,2;992,5;1997,8;29,1;21,9;29,9;28,3;22;20,8;67;60;65;115;6,4;2,2;
2026/05/16;1800 UTC;0;992,2;992,5;992,2;1212,2;28,1;21,8;29,7;27,7;22,4;21,3;71;61;69;108;6,3;3,1;
2026/05/16;1900 UTC;0;992,5;992,5;992,2;439,1;27;21,5;28,2;27;22,1;21,4;73;68;72;119;5,2;2,1;
2026/05/16;2000 UTC;0;992,9;992,9;992,5;166,6;25,9;21,9;27,1;25,9;21,9;21,2;79;70;78;126;4,2;1,9;
2026/05/16;2100 UTC;0;993,6;993,6;992,9;6,8;24,6;21,7;25,9;24,6;21,9;21,5;84;78;84;140;4,4;1,9;
2026/05/16;2200 UTC;0;994,4;994,4;993,6;0;23,8;21,3;24,6;23,8;21,7;21,3;86;84;86;171;4,1;2,3;
2026/05/16;2300 UTC;0;994,9;994,9;994,4;0;23,4;21,4;23,8;23,4;21,5;21,2;89;86;89;180;4,4;2,5;
2026/05/17;0000 UTC;0;995,4;995,4;994,9;0;22,9;21,4;23,4;22,8;21,5;21,3;92;89;91;176;3,7;1,7;
2026/05/17;0100 UTC;0;995,8;995,8;995,3;0;22,6;21,1;22,9;22,6;21,4;21,1;92;91;91;175;2,9;1,5;
2026/05/17;0200 UTC;0;995,5;995,8;995,5;0;22,4;21;22,7;22,3;21,1;21;93;91;92;166;2,5;1,3;
2026/05/17;0300 UTC;0;995;995,5;995;0;22,1;20,9;22,4;22;21;20,7;93;92;93;190;2,4;1,5;
2026/05/17;0400 UTC;0;994,6;995;994,6;0;21,2;20,2;22,1;21,2;20,9;20,2;94;92;94;220;2,6;,8;
2026/05/17;0500 UTC;0;994,3;994,6;994,3;0;21;20,5;21,2;20,9;20,6;20,3;97;94;97;216;2,3;1,5;
2026/05/17;0600 UTC;0;993,8;994,3;993,7;0;21,1;20,5;21,1;20,8;20,5;20,3;97;97;97;209;2,3;1,4;
2026/05/17;0700 UTC;0;993,9;993,9;993,8;0;20,6;20,2;21,1;20,5;20,5;20,1;98;96;98;221;2,7;1,7;
2026/05/17;0800 UTC;0;993,9;994,1;993,9;0;20,5;20,1;20,7;20,5;20,3;20,1;98;97;97;186;2,5;,5;
2026/05/17;0900 UTC;0;994,1;994,1;993,9;10,9;19,6;19,5;20,5;19,6;20,2;19,4;99;97;99;359;2;,9;
2026/05/17;1000 UTC;0;994,7;994,7;994,1;213,2;22,3;20,8;22,5;19,6;21,1;19,5;100;90;91;222;1,7;,9;
2026/05/17;1100 UTC;0;995,3;995,3;994,7;947,8;24,4;21,9;24,4;22,3;21,9;20,8;92;85;86;179;3;1,6;
2026/05/17;1200 UTC;0;995,4;995,5;995,3;1771,4;26,1;22,3;26,6;24,4;23,1;21,6;87;78;80;127;3,8;1,8;
2026/05/17;1300 UTC;0;995,4;995,5;995,4;1989,6;28,4;22,1;28,4;25,9;22,9;21,6;81;67;69;97;4,5;1,9;
2026/05/17;1400 UTC;0;994,7;995,4;994,7;3144,4;27,9;21,9;29;27,9;22,5;21;71;63;70;148;4,8;2,3;
2026/05/17;1500 UTC;0;993,7;994,7;993,7;2501,1;28,7;21,6;30,2;27,6;22,8;21,1;72;59;66;102;5,3;2;
2026/05/17;1600 UTC;0;992,9;993,7;992,9;2381,1;28,3;22;30,3;28,3;23;21,2;69;60;69;139;5,8;2,4;
2026/05/17;1700 UTC;0;992,2;992,9;992,2;2249,6;29,6;21,2;30;28,2;22,8;21;72;60;61;106;6,8;3,3;
2026/05/17;1800 UTC;0;992;992,2;991,9;1704,1;28,4;22,3;30;28,1;22,3;20,8;70;61;70;106;6,9;3,6;
2026/05/17;1900 UTC;0;992,1;992,1;992;1268,2;27,5;21,5;28,8;27,5;22,4;21,4;71;67;70;101;7,5;4,3;
2026/05/17;2000 UTC;0;992,6;992,6;992,1;435,7;25,8;21,7;27,5;25,8;22,2;21,6;78;70;78;105;7,4;3,2;
2026/05/17;2100 UTC;0;993,2;993,2;992,6;7,1;24,5;21,7;25,8;24,5;21,7;21,6;85;78;85;131;5,7;1,7;
2026/05/17;2200 UTC;0;994;994;993,2;0;23,6;21,6;24,5;23,5;21,7;21,5;89;85;89;138;3,1;1,2;
2026/05/17;2300 UTC;0;994,7;994,7;994;0;22,9;21,4;23,6;22,9;21,6;21,4;92;89;92;151;2,4;,7;
2026/05/18;0000 UTC;0;995,4;995,4;994,7;0;22,5;21,5;22,9;22,4;21,5;21,3;94;92;94;152;1,6;,7;
2026/05/18;0100 UTC;0;995,7;995,7;995,4;0;22,3;21,4;22,5;22,2;21,5;21,3;95;94;95;142;2;1;
2026/05/18;0200 UTC;0;995,7;995,7;995,6;0;22,3;21,6;22,3;22;21,6;21,3;96;95;96;162;1,9;,7;
2026/05/18;0300 UTC;0;995,4;995,7;995,4;0;21,4;20,9;22,3;21,4;21,7;20,8;97;95;97;229;1,6;,9;
2026/05/18;0400 UTC;0;995,1;995,4;995,1;0;21,8;21,3;21,9;21,4;21,5;21;98;97;97;221;1,6;,9;
2026/05/18;0500 UTC;0;994,7;995,1;994,7;0;21,9;21,7;22,1;21,7;21,9;21,3;99;97;99;172;2,5;1,1;
2026/05/18;0600 UTC;0;994,4;994,7;994,4;0;21,3;21,2;22;21,1;21,8;20,9;100;99;100;223;2;1;
2026/05/18;0700 UTC;0;994,5;994,5;994,3;0;21;21;21,6;20,9;21,5;20,8;100;99;100;226;1,4;,5;
2026/05/18;0800 UTC;0;994,9;994,9;994,5;0;20,7;20,7;21,2;20,6;21,2;20,6;100;100;100;215;2,2;,7;
2026/05/18;0900 UTC;0;995,3;995,3;994,9;12,8;20,7;20,7;20,7;20,4;20,7;20,4;100;100;100;216;2,3;1,1;
2026/05/18;1000 UTC;0;996,3;996,3;995,3;258,2;21,6;21,6;21,7;20,7;21,7;20,7;100;100;100;209;4,6;2,8;
2026/05/18;1100 UTC;0;996,9;996,9;996,3;947,1;24,4;22,7;24,5;21,6;23,1;21,7;100;89;90;185;4,6;1,7;
2026/05/18;1200 UTC;0;997,3;997,3;996,9;1989,9;27,1;23,5;27,1;24,4;23,5;22,3;90;79;80;141;3,1;1,6;
2026/05/18;1300 UTC;,4;997,2;997,3;997,2;1309,8;26,2;23,1;27,6;25,9;23,6;22,1;84;75;83;142;3,6;1,5;
2026/05/18;1400 UTC;0;996,4;997,2;996,4;1818,4;27,8;22,3;28,2;26,2;23,9;22,3;84;72;72;127;3,9;1,8;
2026/05/18;1500 UTC;0;995,7;996,4;995,7;2535,3;27,2;22,1;28,7;27,2;23,9;22,1;77;71;74;168;6;3,7;
2026/05/18;1600 UTC;0;994,7;995,7;994,7;2359,6;27,7;22,7;28,8;27,1;23,3;21,2;76;65;74;143;6,7;2,9;
2026/05/18;1700 UTC;0;994,1;994,7;994,1;1815,3;27,7;23;28,7;26,8;23,6;22,3;81;71;76;168;7,1;1,9;
2026/05/18;1800 UTC;0;993,6;994,1;993,5;1532,9;29;22,7;29,1;27,7;23,3;22;77;67;69;126;4,8;2,6;
2026/05/18;1900 UTC;0;993,8;993,8;993,5;497,6;26,9;22,6;29;26,9;23,4;22,4;78;68;77;103;4,8;2,3;
2026/05/18;2000 UTC;0;994;994,1;993,8;137,2;25,8;22,3;26,9;25,8;22,6;22,3;81;77;81;111;5,6;2,6;
2026/05/18;2100 UTC;0;994,4;994,4;994;6,7;24,5;22,2;25,8;24,5;22,3;22,1;87;81;87;104;4,8;2;
2026/05/18;2200 UTC;0;994,9;994,9;994,4;0;23,6;22;24,5;23,6;22,2;22;91;87;91;111;4;1,8;
2026/05/18;2300 UTC;0;995,5;995,5;994,9;0;23,2;21,9;23,7;23,2;22,1;21,9;92;91;92;136;3,1;1,5;
2026/05/19;0000 UTC;0;995,9;995,9;995,5;0;22,8;21,7;23,2;22,8;21,9;21,6;93;92;93;137;2,8;1,5;
2026/05/19;0100 UTC;0;996,3;996,4;995,9;0;22,5;21,5;22,9;22,5;21,7;21,5;94;93;94;174;2,6;1,2;
2026/05/19;0200 UTC;0;996,4;996,4;996,2;0;22,6;21,6;22,8;22,5;21,7;21,5;94;93;94;161;2,4;1;
2026/05/19;0300 UTC;0;995,9;996,4;995,9;0;22,2;21,5;22,6;22,2;21,7;21,4;96;94;96;154;1,8;,8;
2026/05/19;0400 UTC;0;995,3;995,9;995,3;0;22,1;21,5;22,3;22;21,6;21,4;97;96;97;150;2,1;1,2;
2026/05/19;0500 UTC;0;994,9;995,3;994,9;0;21,6;21,2;22,1;21,6;21,5;21,1;97;97;97;168;2,1;1,1;
2026/05/19;0600 UTC;0;994,8;994,9;994,7;0;21,8;21,4;21,8;21,4;21,4;21;98;97;97;182;2;1,1;
2026/05/19;0700 UTC;0;994,8;994,9;994,7;0;21,4;21;21,9;21,4;21,4;21;98;97;98;192;2,3;1,5;
2026/05/19;0800 UTC;0;995;995;994,8;0;21;20,7;21,6;21;21,3;20,6;98;97;98;205;2,3;1;
2026/05/19;0900 UTC;0;995,6;995,6;995;14,6;21,1;21;21,1;20,8;21;20,6;100;98;100;221;1,8;1,2;
2026/05/19;1000 UTC;0;996,2;996,2;995,6;178,7;23,2;22;23,2;21,1;22;21;100;93;93;223;2,3;1,2;
2026/05/19;1100 UTC;0;997;997;996,2;1056,9;25,4;22,5;25,4;23,2;22,5;21,8;93;83;84;197;2,6;1,5;
2026/05/19;1200 UTC;0;997,3;997,4;997;1437;25,8;22,5;26,7;25,4;23;22;84;77;82;148;3,8;1,8;
2026/05/19;1300 UTC;0;997,1;997,4;997,1;2218,1;28,3;22,3;28,3;25,7;23,3;21,3;83;67;70;108;4,3;2;
2026/05/19;1400 UTC;0;996,4;997,1;996,4;1385,5;26,7;20,5;28,8;26,5;22,8;20,5;76;68;69;115;7,3;2,8;
2026/05/19;1500 UTC;0;995,5;996,4;995,5;2128,5;28,2;21,4;28,6;26,7;21,9;20,3;73;64;67;142;5,4;2,6;
2026/05/19;1600 UTC;0;994,6;995,5;994,6;1886,5;28,5;21,9;28,9;27,9;22,1;20,9;69;64;67;114;5,8;3,2;
2026/05/19;1700 UTC;0;993,8;994,6;993,8;2694,2;29,6;21,1;29,8;28,5;22,2;20,3;67;58;60;112;6;3,1;
2026/05/19;1800 UTC;0;993,5;993,8;993,4;1721,6;28,9;21,6;30,2;28;22,6;20,7;67;58;65;95;6,2;3,6;
2026/05/19;1900 UTC;0;993,9;993,9;993,5;1143,9;27,7;21,7;29,1;27,7;22,1;21,3;70;63;70;110;6,3;3,3;
2026/05/19;2000 UTC;0;994,2;994,2;993,9;397,7;26,2;21,6;27,7;26,2;22;21,4;76;70;76;119;6,4;2,5;
2026/05/19;2100 UTC;0;994,8;994,8;994,2;6,3;24,6;21,7;26,2;24,6;21,7;21,6;84;76;84;127;4,2;2;
2026/05/19;2200 UTC;0;995,3;995,3;994,8;0;23,7;21,8;24,6;23,7;21,9;21,7;89;84;89;146;3,6;1,5;
2026/05/19;2300 UTC;0;995,9;995,9;995,3;0;23,2;22,2;23,7;23,2;22,2;21,7;94;89;94;157;4,3;1,9;
2026/05/20;0000 UTC;0;996,2;996,2;995,9;0;22,7;22,1;23,2;22,6;22,2;22,1;97;94;97;148;3,6;1,4;
2026/05/20;0100 UTC;0;996,3;996,4;996,2;0;23;22,3;23,1;22,6;22,4;22,1;97;96;96;153;2,6;1,3;
2026/05/20;0200 UTC;0;996,5;996,5;996,3;0;23,2;22,2;23,2;23;22,3;22,2;96;94;94;140;2,6;1,3;
2026/05/20;0300 UTC;0;996,3;996,5;996,3;0;22,9;22;23,3;22,9;22,3;22;95;94;95;164;2,4;,9;
2026/05/20;0400 UTC;0;995,8;996,3;995,8;0;22,9;22;22,9;22,7;22,2;22;96;95;95;178;2,5;1,5;
2026/05/20;0500 UTC;0;995,3;995,8;995,3;0;22;21,6;22,9;21,9;22;21,4;98;95;98;221;2,8;1;
2026/05/20;0600 UTC;0;994,9;995,3;994,9;0;22,1;21,8;22,1;22;21,8;21,6;98;98;98;204;4,7;2,7;
2026/05/20;0700 UTC;,4;995;995;994,8;0;22;21,9;22,1;21,9;22;21,7;100;98;100;137;4,5;2;
2026/05/20;0800 UTC;1,2;995,1;995,1;995;0;22;21,9;22,1;21,8;22;21,7;100;99;99;235;4,2;1;
2026/05/20;0900 UTC;0;995,4;995,4;995,1;12,5;22,3;22;22,3;22;22;21,9;99;98;98;202;2;1,2;
2026/05/20;1000 UTC;0;996,1;996,1;995,4;249,9;23,7;21,8;24,1;22,4;22,3;21,6;98;88;89;169;2;,6;
2026/05/20;1100 UTC;0;996,9;996,9;996,1;626,4;24,2;22,5;24,2;23,3;22,5;21,7;92;89;90;275;2,4;,6;
2026/05/20;1200 UTC;0;997,1;997,1;996,9;1474,2;26,2;22,8;27,2;24,2;23,8;22,3;90;79;81;60;3,7;1,5;
2026/05/20;1300 UTC;0;996,8;997,1;996,8;2439,6;27,6;23,2;27,7;26,2;23,8;22,6;84;75;77;90;5,1;2,6;
2026/05/20;1400 UTC;0;996,3;996,8;996,3;2476,1;27,5;22,5;27,9;26;23,8;21,5;81;74;74;113;6,6;1,6;
2026/05/20;1500 UTC;0;995,3;996,3;995,3;3128,5;26,3;23,5;28,7;26,3;23,5;21,9;84;70;84;101;10,2;5,2;
2026/05/20;1600 UTC;0;994,5;995,3;994,5;2884,7;27,8;21,7;28,6;25,9;23,9;21,4;88;67;69;134;10,2;3,3;
2026/05/20;1700 UTC;,4;994,1;994,5;994;1662;25,2;22,3;28,4;25,2;22,7;20,9;84;66;84;134;8,1;4;
2026/05/20;1800 UTC;1,8;993,7;994,1;993,7;871,3;26,5;23,4;26,5;24,2;23,8;22,1;94;83;83;130;8,1;2,3;
2026/05/20;1900 UTC;0;993,8;993,9;993,6;678;26,5;22,7;26,8;26,5;23,5;22,2;83;77;79;117;4,7;2;
2026/05/20;2000 UTC;0;994,3;994,3;993,8;167,4;24,9;22,7;26,5;24,9;23;22,3;88;79;88;124;5,4;1,3;
2026/05/20;2100 UTC;0;994,6;994,6;994,3;5,5;24,3;21,7;24,9;24,3;22,9;21,6;89;85;85;144;3,6;1,8;
2026/05/20;2200 UTC;0;995,2;995,2;994,6;0;23,8;22,1;24,3;23,8;22,1;21,7;90;85;90;128;3,6;1,6;
2026/05/20;2300 UTC;0;995,4;995,4;995,2;0;23;21,7;23,8;23;22,1;21,7;93;90;92;144;4,8;1,1;
2026/05/21;0000 UTC;0;996;996;995,4;0;22,7;21,9;23;22,6;21,9;21,5;95;92;95;171;4,1;2,2;
2026/05/21;0100 UTC;0;996;996,1;996;0;22,9;22;23;22,7;22,3;21,9;96;94;94;176;4,5;1,9;
2026/05/21;0200 UTC;0;995,9;996;995,9;0;22,4;21,7;23;22,4;22;21,6;95;94;95;200;3;1,9;
2026/05/21;0300 UTC;0;995,9;996;995,8;0;21,9;21,3;22,4;21,8;21,7;21,1;97;95;97;215;3,5;1,6;
2026/05/21;0400 UTC;0;995,2;996;995,2;0;21,9;21,2;22;21,8;21,3;21,1;97;96;96;207;3,2;1,5;
2026/05/21;0500 UTC;0;995,1;995,2;995;0;21,8;21,3;21,9;21,4;21,4;20,9;98;96;97;152;3,9;2,1;
2026/05/21;0600 UTC;0;994,4;995,1;994,4;0;22;21,5;22,1;21,9;21,7;21,3;98;97;97;199;4;2,5;
2026/05/21;0700 UTC;,2;994,8;994,8;994,4;0;21,9;21,5;22;21,8;21,5;21,3;98;96;98;187;4,5;2,5;
2026/05/21;0800 UTC;,4;995,1;995,1;994,8;0;21,9;21,8;22;21,8;21,9;21,5;100;98;99;209;4,1;2,8;
2026/05/21;0900 UTC;,8;995,6;995,7;995,1;5,6;22;21,9;22;21,9;22;21,8;100;99;100;198;4,8;2,5;
2026/05/21;1000 UTC;,4;996,2;996,2;995,6;159,4;22,1;22;22,2;22;22,1;21,9;100;99;99;191;3,9;2,8;
2026/05/21;1100 UTC;,2;996,8;996,8;996,1;429,7;22,4;21,9;22,5;22,1;22,3;21,8;99;96;97;185;5,8;3,4;
2026/05/21;1200 UTC;,6;997,2;997,2;996,8;744,8;22,9;22,2;23,1;22;22,5;21,5;97;95;96;169;5,8;2,3;
2026/05/21;1300 UTC;1;997;997,3;996,9;1180,3;24,3;22,5;24,3;22,4;22,6;21,7;98;88;90;141;5,9;2,2;
2026/05/21;1400 UTC;0;996,5;997;996,5;1864,9;24,6;23;25;23,4;23,3;22,1;95;88;91;149;7,6;3,5;
2026/05/21;1500 UTC;,2;996;996,5;996;1911,1;24,1;22;24,9;23,2;23;21,4;94;87;88;137;9,5;4,7;
2026/05/21;1600 UTC;0;995;996;995;2468,9;26,4;22,1;26,4;22,7;22,4;21,1;92;73;77;124;9,1;3,4;
2026/05/21;1700 UTC;0;994,5;995;994,5;1660;26,6;22,6;26,6;26;22,8;21,6;81;75;79;133;6,4;3,3;
2026/05/21;1800 UTC;1,4;994,2;994,8;994,2;694,7;24,5;21,2;26,7;22,3;22,6;20,4;92;75;82;146;10,7;3,1;
2026/05/21;1900 UTC;0;994,4;994,4;994,1;933,9;26,4;21,9;26,4;24,5;22,4;20,2;82;74;77;145;6,6;2,7;
2026/05/21;2000 UTC;0;995,1;995,1;994,4;223,5;24,7;21,3;26,4;24,7;21,9;21,3;82;76;81;154;6,6;2;
2026/05/21;2100 UTC;0;995,6;995,6;995,1;9,5;24,2;21,6;24,8;24,1;21,8;21,2;87;81;86;127;4,6;2,1;
2026/05/21;2200 UTC;0;996,3;996,3;995,6;0;23,3;21,1;24,2;23,3;21,7;21,1;89;85;87;183;5,8;3,3;
2026/05/21;2300 UTC;0;996,7;996,7;996,3;0;22,4;21;23,3;22,4;21,1;20,9;92;87;92;193;5,8;2;
2026/05/22;0000 UTC;0;997,1;997,1;996,7;0;22,3;21,2;22,5;22,3;21,2;21;93;92;93;205;3,6;2,1;
2026/05/22;0100 UTC;0;997,3;997,3;997,1;0;22,1;21,1;22,3;22;21,2;21;94;93;94;206;4,6;2,5;
2026/05/22;0200 UTC;0;997,2;997,4;997,2;0;22;21,5;22,2;21,9;21,5;21;97;94;97;196;4,8;2,5;
2026/05/22;0300 UTC;,8;996,9;997,4;996,9;0;22;21,7;22,2;21,9;21,8;21,4;99;96;98;203;5,4;2,1;
2026/05/22;0400 UTC;0;996,5;996,9;996,5;0;21,9;21,6;22;21,8;21,8;21,6;99;98;98;211;4,5;2,7;
2026/05/22;0500 UTC;0;995,9;996,5;995,9;0;21,6;21,5;21,9;21,6;21,6;21,4;99;98;99;212;4,5;2,3;
2026/05/22;0600 UTC;1;995,9;996;995,8;0;21,6;21,3;21,8;21,6;21,7;21,3;100;98;98;181;7;3,4;
2026/05/22;0700 UTC;0;996,1;996,1;995,8;0;21,7;21,5;21,7;21,5;21,5;21,3;99;98;99;191;5,2;2,5;
2026/05/22;0800 UTC;,6;996,3;996,4;995,9;0;21,4;21,3;21,7;21,3;21,5;21,2;99;98;99;199;5,2;2,5;
2026/05/22;0900 UTC;0;996,7;996,7;996,2;11,5;21,5;21,3;21,6;21,4;21,4;21,2;99;99;99;227;4,4;1,4;
2026/05/22;1000 UTC;0;997,1;997,2;996,7;258,3;23;22,4;23;21,5;22,5;21,3;99;97;97;181;4,2;1,6;
2026/05/22;1100 UTC;0;997,5;997,5;997,1;1058,4;24,6;22,5;24,6;23;22,7;21,8;97;87;88;176;5,2;2,9;
2026/05/22;1200 UTC;0;997,5;997,7;997,5;2021,1;26,2;22,8;26,2;24,6;23,3;22,1;89;80;82;158;7,2;3,8;
2026/05/22;1300 UTC;0;997,5;997,6;997,4;2324,6;26,8;20,5;27,6;26,1;22,7;20,4;82;68;68;149;7,4;3,6;
2026/05/22;1400 UTC;0;996,9;997,5;996,9;2603,5;28,1;21;28,4;26,7;21,8;19,8;71;62;65;133;7,7;4,6;
2026/05/22;1500 UTC;0;996;997;996;3205,7;28,9;20;28,9;27,7;21,7;19,5;69;58;59;158;8,2;3,2;
2026/05/22;1600 UTC;0;995,4;996;995,4;2009,7;26,6;20,5;28,9;26,6;22,3;20;74;59;69;145;8,9;3,8;
2026/05/22;1700 UTC;0;994,8;995,4;994,8;2257,2;28,5;21,2;28,5;25,9;22,6;20,3;79;63;65;158;9,2;4,3;
2026/05/22;1800 UTC;0;994,8;994,9;994,7;1695,3;27,7;21,9;28,5;26,5;21,9;20;74;63;71;137;8,3;2,9;
2026/05/22;1900 UTC;,4;995,1;995,2;994,8;759,1;24,9;22,4;27,8;24,1;22,9;21,2;90;69;86;111;7,6;2,2;
2026/05/22;2000 UTC;0;995,5;995,5;995,1;472,4;24,7;21,7;25,4;24,7;22,9;21,6;87;82;83;159;5,2;2,1;
2026/05/22;2100 UTC;,2;996;996;995,5;6,7;23,6;21,5;24,7;23,6;21,9;21,4;88;83;88;145;4,3;2,4;
2026/05/22;2200 UTC;0;996,5;996,5;996;0;23,5;21,8;23,6;23,3;21,9;21,6;90;88;90;180;4,6;2,4;
2026/05/22;2300 UTC;0;996,8;996,8;996,5;0;23,2;21,7;23,5;23;21,8;21,5;92;89;92;181;4,6;2,7;
2026/05/23;0000 UTC;0;997;997;996,7;0;22,8;21,8;23,2;22,8;21,9;21,7;94;92;94;193;4,4;2,5;
2026/05/23;0100 UTC;0;997,1;997,3;997;0;22,4;21,8;22,8;22,4;22;21,7;97;94;97;219;4,4;1,5;
2026/05/23;0200 UTC;1;997,3;997,3;997,1;0;22,3;22;22,4;22,3;22,1;21,8;98;97;98;165;3,2;1,4;
2026/05/23;0300 UTC;2;996,9;997,3;996,9;0;22,2;22,1;22,3;22,2;22,2;21,9;100;98;100;194;3,2;1,6;
2026/05/23;0400 UTC;,6;996,3;996,9;996,3;0;22,4;22,2;22,4;22,2;22,3;22,1;100;99;99;160;5,4;2,5;
2026/05/23;0500 UTC;,4;995,7;996,3;995,7;0;22,2;21,6;22,4;22,2;22,2;21,6;99;97;97;174;7,2;4,4;
2026/05/23;0600 UTC;0;995,3;995,7;995,2;0;22;21,6;22,4;22;21,7;21,5;98;95;98;187;7,2;2,8;
2026/05/23;0700 UTC;0;995,4;995,4;995,2;0;22,1;21,7;22,3;22;21,9;21,7;98;97;98;171;5,3;2,3;
2026/05/23;0800 UTC;0;995,9;995,9;995,4;0;21,9;21,6;22,2;21,9;21,7;21,6;98;97;98;128;4,5;1,2;
2026/05/23;0900 UTC;0;996,4;996,4;995,9;18;22;21,6;22;21,6;21,6;21,3;99;97;97;166;2,9;1,7;
2026/05/23;1000 UTC;0;996,9;996,9;996,4;287,3;23,1;22;23,1;22;22,1;21,5;97;94;94;191;4;2,5;
2026/05/23;1100 UTC;0;997,4;997,4;996,9;913,7;24,7;22,5;24,8;23,1;22,7;22;94;87;87;156;4,6;2,6;
2026/05/23;1200 UTC;0;997,4;997,6;997,4;1911,7;26,2;22,7;26,2;24,7;23,4;22,3;88;81;81;139;7,6;4;
2026/05/23;1300 UTC;0;997,2;997,5;997,2;1433,3;25,9;23,3;26,9;24,6;23,6;22,2;91;78;86;148;9,8;3;
2026/05/23;1400 UTC;0;996,6;997,3;996,6;2442,7;27,5;22,9;27,5;25,5;23,3;21,9;86;73;76;125;10,3;4,6;
2026/05/23;1500 UTC;0;996;996,6;996;2535,2;26,1;22,9;28;25;23;21,6;85;70;82;133;11,1;3,6;
2026/05/23;1600 UTC;0;995,3;996;995,3;2647,3;27,1;22,8;28;25,4;23,6;22,2;88;74;77;126;8,7;4,9;
2026/05/23;1700 UTC;0;994,7;995,3;994,6;2430,7;27,4;23;28,3;26,7;23,3;21,9;79;70;77;130;9,5;3,4;
2026/05/23;1800 UTC;,2;994,6;995;994,5;1314,6;25,4;22,6;27,4;24;23,4;22,1;93;76;84;107;10,7;4,4;
2026/05/23;1900 UTC;0;994,9;994,9;994,6;780;25,8;22,3;26,2;25,5;23;21,7;85;77;81;103;8,5;3,5;
2026/05/23;2000 UTC;0;995,4;995,4;994,9;209,3;24,9;22,2;25,8;24,8;22,5;22;86;81;85;106;6,8;2,5;
2026/05/23;2100 UTC;0;995,8;995,8;995,4;9,2;24;22,1;24,9;24;22,4;22,1;90;85;89;132;5,4;1,9;
2026/05/23;2200 UTC;0;996,1;996,1;995,8;0;23,2;22;24;23,2;22,1;22;93;89;93;157;3,4;1,1;
2026/05/23;2300 UTC;1;996,4;996,6;996,1;0;22,6;22,3;23,2;22,6;22,4;21,9;99;93;99;140;7,5;1,3;
2026/05/24;0000 UTC;,2;996,3;996,5;996,2;0;22,6;22,2;22,8;22,5;22,4;22,2;99;97;98;124;6,1;1,6;
2026/05/24;0100 UTC;0;996,2;996,4;996,2;0;22,2;22;22,6;22,1;22,2;21,9;99;98;99;152;3,1;1,1;
2026/05/24;0200 UTC;0;996,2;996,3;996,2;0;21,7;21,6;22,2;21,6;22;21,5;99;99;99;172;2,3;,5;
2026/05/24;0300 UTC;0;995,8;996,3;995,8;0;21,8;21,8;22;21,6;21,9;21,5;100;99;100;197;3,5;2,1;
2026/05/24;0400 UTC;0;995,2;995,8;995,2;0;21,7;21,7;21,9;21,7;21,9;21,7;100;100;100;202;3,6;2,3;
2026/05/24;0500 UTC;0;994,8;995,2;994,8;0;21,8;21,8;21,8;21,7;21,8;21,7;100;100;100;203;3,5;2;
2026/05/24;0600 UTC;0;994,4;994,8;994,4;0;21,8;21,8;21,9;21,8;21,9;21,8;100;100;100;196;4;2,3;
2026/05/24;0700 UTC;0;994,3;994,4;994,2;0;21,7;21,7;21,9;21,7;21,9;21,7;100;100;100;192;4;1,8;
2026/05/24;0800 UTC;0;994,6;994,6;994,3;0;21,4;21,4;21,7;21,4;21,7;21,4;100;100;100;198;2,8;1,6;
2026/05/24;0900 UTC;0;995;995;994,6;8,8;21,3;21,3;21,5;21,2;21,5;21,2;100;100;100;193;2,7;1,8;
2026/05/24;1000 UTC;0;995,5;995,5;995;221,7;22,9;22,9;22,9;21,3;22,9;21,3;100;100;100;172;3,4;1,6;
2026/05/24;1100 UTC;0;996,3;996,3;995,5;747,4;24,2;22,4;24,5;22,9;24,3;22,4;100;89;89;112;4,3;2,2;
2026/05/24;1200 UTC;0;996,2;996,3;996,1;1689,1;26,1;23,1;26,5;24,2;23,6;22;90;81;84;96;5,6;2,9;
2026/05/24;1300 UTC;0;995,8;996,2;995,7;2795,8;28,3;22,5;28,3;26,1;23,9;21,8;84;70;71;102;9;4,2;
2026/05/24;1400 UTC;0;995,4;995,8;995,4;2563,8;27,7;21,9;28,7;27,4;22,8;21;72;64;71;124;9;3;
2026/05/24;1500 UTC;0;994,7;995,4;994,7;2887,2;28,4;22,6;28,9;27,6;22,9;21,3;72;66;71;101;8,1;4,7;
2026/05/24;1600 UTC;0;994,5;994,8;994,5;2444,1;28,1;21,2;29;27,6;22,9;20,7;73;64;66;111;9,1;4,3;
2026/05/24;1700 UTC;0;993,9;994,5;993,9;2724,2;28,7;22,1;28,9;28,1;22,1;20,4;68;61;68;96;8;4,3;
2026/05/24;1800 UTC;0;993,7;994;993,7;1700;27,7;22,3;28,8;27,2;22,5;21;75;64;72;95;8;3,5;
2026/05/24;1900 UTC;0;994,1;994,1;993,7;1097,3;26,1;21,7;27,7;26;22,1;21;77;69;77;104;7,8;3,4;
2026/05/24;2000 UTC;0;994,7;994,7;994,1;420,8;25;20,9;26,6;25;22,1;20,7;78;72;78;116;7;2,3;
2026/05/24;2100 UTC;0;995,3;995,3;994,7;5,8;23,6;19,9;25;23,6;20,9;19,9;80;78;80;133;4,1;1,7;
2026/05/24;2200 UTC;0;995,7;995,7;995,3;0;22,9;19,8;23,7;22,8;20;19,7;83;79;83;148;3,5;1,5;
2026/05/24;2300 UTC;0;996,1;996,1;995,7;0;22,4;20;22,9;22,2;20;19,7;86;83;86;157;2,8;,8;
2026/05/25;0000 UTC;0;996,5;996,5;996,1;0;22,8;20,2;23;22,3;20,3;19,9;86;84;85;134;2,6;1,4;
2026/05/25;0100 UTC;0;996,3;996,5;996,3;0;22,2;20,4;22,8;22,2;20,4;20,1;89;85;89;151;2,4;1;
2026/05/25;0200 UTC;0;996;996,3;996;0;21,8;20,4;22,2;21,7;20,5;20,3;93;90;92;147;2,3;1,1;
2026/05/25;0300 UTC;0;995,7;996,1;995,7;0;21,5;20,2;21,8;21,4;20,4;20;93;92;92;148;2;1;
2026/05/25;0400 UTC;0;995,3;995,7;995,3;0;20,3;19,4;21,6;20,3;20,2;19,4;95;91;95;195;2;1,1;
2026/05/25;0500 UTC;0;994,9;995,3;994,9;0;20,1;19,6;20,3;19,9;19,7;19,4;97;95;97;210;1,5;1,2;
2026/05/25;0600 UTC;0;994,8;994,9;994,7;0;20;19,5;20,2;19,9;19,6;19,4;97;96;97;212;1,9;1,2;
2026/05/25;0700 UTC;0;995;995;994,8;0;20,1;19,4;20,2;20;19,6;19,3;97;96;96;216;3,1;1,8;
2026/05/25;0800 UTC;0;995,4;995,4;995;0;20;19,3;20,5;19,9;19,7;19,2;96;95;96;223;3,1;1,9;
2026/05/25;0900 UTC;0;996;996;995,4;6,6;20,4;19,5;20,4;19,8;19,5;19,2;96;95;95;218;3,7;2,2;
2026/05/25;1000 UTC;,2;996,8;996,8;996;219;21,3;20,6;21,3;20,4;20,6;19,5;97;94;96;187;5,9;2,1;
2026/05/25;1100 UTC;0;997,2;997,2;996,8;1294,5;23,7;21,4;23,7;21,3;21,5;20,6;96;85;87;188;5,4;3,3;
2026/05/25;1200 UTC;0;997,2;997,2;997,2;1941,3;25,9;22,2;26,1;23,6;22,7;21,1;88;78;80;182;5,6;2,7;
2026/05/25;1300 UTC;0;997;997,2;997;2618,5;26,7;21,3;27,3;25,9;22,5;21,3;81;71;72;155;6,8;2,7;
2026/05/25;1400 UTC;0;996,4;997;996,4;2677,4;27,9;20,4;28,1;26,3;22,3;20,1;75;62;64;142;7,2;3,2;
2026/05/25;1500 UTC;0;995,6;996,4;995,6;2774,8;28,2;21,4;28,9;27,1;22,3;20;72;61;67;142;8,6;3,7;
2026/05/25;1600 UTC;0;995;995,6;995;3052,7;28,9;20;29,4;28,2;21,7;19;66;54;59;157;8,6;3,5;
2026/05/25;1700 UTC;0;994,5;995;994,5;2375,3;28,2;19;29,2;28,2;20,3;18,7;60;55;58;128;7,5;4;
2026/05/25;1800 UTC;0;994,4;994,5;994,3;1131,8;27,8;20,6;28,6;27,5;20,7;19,1;66;58;65;142;7,4;3;
2026/05/25;1900 UTC;0;995;995;994,4;610,7;26,5;20,4;27,8;26,5;20,9;20;69;64;69;141;6,6;3;
2026/05/25;2000 UTC;0;995,4;995,4;994,9;264,3;25,4;20,7;26,5;25,4;20,8;20,4;76;69;76;138;6,7;2,4;
2026/05/25;2100 UTC;0;996;996;995,4;6;24,5;20,9;25,4;24,5;20,9;20,7;80;76;80;144;5,2;2,1;
2026/05/25;2200 UTC;0;996,5;996,5;996;0;23,9;20,9;24,5;23,9;21;20,9;83;80;83;164;4,1;2;
2026/05/25;2300 UTC;0;997;997;996,5;0;23,7;21,2;23,9;23,7;21,2;20,9;86;83;86;153;3,7;1,6;
2026/05/26;0000 UTC;0;997,5;997,5;997;0;22,8;21,8;23,7;22,7;21,9;21,2;95;86;94;155;4;1,2;
2026/05/26;0100 UTC;,4;997,4;997,6;997,4;0;22,8;22,3;22,9;22,6;22,3;21,8;98;94;97;181;5,2;2,9;
2026/05/26;0200 UTC;0;997,2;997,4;997,2;0;22,4;21,9;22,9;22,4;22,3;21,9;97;95;97;198;5,2;1,9;
2026/05/26;0300 UTC;0;996,9;997,2;996,9;0;22,4;21,6;22,5;22,3;21,9;21,6;97;95;95;197;3,6;2;
2026/05/26;0400 UTC;2,2;996,7;997;996,7;0;22;21,8;22,5;21,8;21,8;21,6;99;95;99;187;3,8;1,2;
2026/05/26;0500 UTC;,2;996,3;996,7;996,3;0;21,9;21,7;22,1;21,9;21,9;21,7;99;98;99;216;3,5;2,1;
2026/05/26;0600 UTC;0;996,1;996,3;996,1;0;21,8;21,8;21,9;21,6;21,8;21,6;100;99;100;195;5,5;3;
2026/05/26;0700 UTC;0;996,2;996,2;996,1;0;21,8;21,7;21,9;21,8;21,9;21,7;100;99;99;193;5,5;2,4;
2026/05/26;0800 UTC;,2;996,2;996,3;996;0;21,8;21,5;21,8;21,6;21,7;21,4;100;98;98;185;5;2,8;
2026/05/26;0900 UTC;0;996,5;996,5;996,1;9,2;21,5;21,3;21,8;21,5;21,4;21,1;98;97;98;190;4,8;3,2;
2026/05/26;1000 UTC;0;997,2;997,2;996,5;146,7;22,5;22,2;22,5;21,5;22,2;21,3;99;98;98;207;5,1;2,9;
2026/05/26;1100 UTC;0;998;998;997,2;872,9;23,5;22,3;24;22,4;23;21,9;98;92;93;184;5,6;3,1;
2026/05/26;1200 UTC;0;998,1;998,1;998;1337;25,4;23;25,4;23,5;23,2;22,3;94;85;86;151;7;3,2;
2026/05/26;1300 UTC;0;997,8;998,1;997,8;1025,4;25,8;23,2;25,8;24,5;23,4;22,5;91;85;86;140;7;2,8;
2026/05/26;1400 UTC;0;997;997,8;997;2613;27,7;22,5;28,2;25,2;23,8;21,8;86;72;73;131;7,3;3,8;
2026/05/26;1500 UTC;0;996,3;997;996,3;2418,7;28,1;21,5;28,6;26,8;23;21,4;77;67;67;135;7,8;4,3;
2026/05/26;1600 UTC;0;995,4;996,3;995,4;2916,4;28,4;21,8;29;27,8;22,8;21,4;72;65;68;127;7,7;3,8;
2026/05/26;1700 UTC;0;994,9;995,4;994,8;2122,3;28,3;21,6;28,9;27,7;22,9;21;72;65;67;136;8,9;4,2;
2026/05/26;1800 UTC;0;994,8;994,9;994,7;1690,7;27,8;20,5;28,7;27,1;22,5;19,9;73;63;65;126;9,7;4,3;
2026/05/26;1900 UTC;0;994,8;994,9;994,8;1189;27,1;20,8;27,9;27,1;21,3;20;69;64;69;136;8,2;3,9;
2026/05/26;2000 UTC;0;995,2;995,2;994,8;444,5;25,1;21,7;27,2;25,1;21,8;20,9;81;69;81;136;7;2,9;
2026/05/26;2100 UTC;0;995,8;995,8;995,2;6,5;23,8;21,9;25,1;23,8;22;21,7;89;81;89;147;5,8;1,5;
2026/05/26;2200 UTC;0;996,2;996,2;995,8;0;23,2;21,9;23,8;23,2;22;21,8;92;89;92;159;3,3;1,4;
2026/05/26;2300 UTC;0;996,6;996,6;996,2;0;22,9;22,1;23,3;22,8;22,1;21,7;95;92;95;182;3,2;2,2;
2026/05/27;0000 UTC;0;996,8;996,8;996,6;0;22,6;21,9;23;22,6;22,1;21,9;96;95;96;194;4,1;2,3;
2026/05/27;0100 UTC;0;996,9;996,9;996,8;0;22,4;21,8;22,6;22,2;22;21,7;97;96;96;200;4;2,8;
2026/05/27;0200 UTC;0;996,7;996,9;996,7;0;22;21,6;22,5;22;21,9;21,6;97;96;97;208;4;1,6;
2026/05/27;0300 UTC;0;996,4;996,7;996,4;0;22,2;21,8;22,2;21,9;21,8;21,6;98;97;98;214;3,5;2,1;
2026/05/27;0400 UTC;2,2;996;996,4;996;0;21,9;21,8;22,4;21,8;22;21,7;100;97;100;166;6,1;1,1;
2026/05/27;0500 UTC;,4;995,2;996;995,2;0;22,2;21,6;22,4;21,9;21,9;21,6;100;96;96;139;6,8;2,8;
2026/05/27;0600 UTC;0;994,8;995,2;994,8;0;22;21,7;22,2;21,9;21,7;21,5;99;96;99;160;6,8;1,1;
2026/05/27;0700 UTC;,2;994,8;994,8;994,7;0;22;21,8;22,1;21,9;21,8;21,7;99;98;99;165;2,6;1,3;
2026/05/27;0800 UTC;0;995,1;995,1;994,8;0;21,7;21,6;22,1;21,7;21,9;21,6;99;99;99;202;3,1;1,5;
2026/05/27;0900 UTC;0;995,7;995,7;995,1;9,4;21,7;21,6;21,8;21,5;21,7;21,5;100;99;100;211;2,8;1,8;
2026/05/27;1000 UTC;0;996,4;996,4;995,7;219,3;22,4;22,2;22,5;21,7;22,3;21,5;100;98;98;202;3,5;2;
2026/05/27;1100 UTC;0;997,1;997,1;996,4;788,3;24;22,8;24,1;22,4;23,2;22,1;98;93;93;185;4;2,3;
2026/05/27;1200 UTC;0;997,2;997,3;997,1;1141;25,4;22,7;25,4;23,7;22,9;21,9;93;84;85;147;6,5;2,5;
2026/05/27;1300 UTC;0;996,8;997,2;996,8;2047,1;26,1;21,2;26,9;25,2;22,7;21,2;85;72;74;172;7,9;3,5;
2026/05/27;1400 UTC;0;996,1;996,8;996,1;2420,4;27,8;21;27,8;25,6;22,3;20,6;78;67;67;141;7,9;2,9;
2026/05/27;1500 UTC;0;995,4;996,1;995,4;2987;27,3;19;28,4;27,3;21,6;19;69;59;61;162;7,3;3,1;
2026/05/27;1600 UTC;0;994,5;995,4;994,5;2335,3;28,2;19,6;28,8;26,8;20,5;19;65;58;60;136;6,8;2,7;
2026/05/27;1700 UTC;0;993,5;994,5;993,5;2566,8;28,8;18,6;29,5;27,4;20,9;18,2;63;53;54;136;5,4;2,1;
2026/05/27;1800 UTC;0;993,2;993,5;993,1;1509,9;28,2;19,1;28,8;27,2;19,7;18,2;62;54;58;120;7,1;2,7;
2026/05/27;1900 UTC;0;993,3;993,3;993,1;1201,3;26,7;19,9;28,4;26,4;20,4;18,8;67;57;66;134;7,1;2;
2026/05/27;2000 UTC;0;993,6;993,7;993,3;380,6;25,3;19,5;26,9;25,3;20;19,1;71;63;71;117;5,2;1,9;
2026/05/27;2100 UTC;0;994,1;994,1;993,6;5,3;23,8;19,7;25,2;23,8;19,7;19,4;78;70;78;133;3,6;1,8;
2026/05/27;2200 UTC;0;994,7;994,7;994;0;22,7;19,9;23,8;22,7;19,9;19,6;84;77;84;133;3,6;1,6;
2026/05/27;2300 UTC;0;995,4;995,4;994,7;0;22,3;20,1;22,7;22,1;20,2;19,8;88;84;87;166;3,2;1,4;
2026/05/28;0000 UTC;0;995,9;995,9;995,4;0;22,2;20,2;22,3;22;20,3;20;89;87;89;147;2,5;1,2;
2026/05/28;0100 UTC;0;996;996,1;995,9;0;21,7;20,1;22,2;21,7;20,3;20,1;91;89;91;171;2,3;1,1;
2026/05/28;0200 UTC;0;996,1;996,2;995,9;0;20,8;19,8;21,8;20,8;20,3;19,8;94;91;94;201;2,8;,9;
2026/05/28;0300 UTC;0;995,7;996,1;995,7;0;20,7;19,9;21,1;20,6;20,3;19,7;96;94;95;212;2,6;1,1;
2026/05/28;0400 UTC;0;995,1;995,7;995,1;0;20,3;19,7;20,8;20,3;20;19,7;96;95;96;223;2,5;1,3;
2026/05/28;0500 UTC;0;994,8;995,1;994,8;0;19,9;19,6;20,3;19,9;19,8;19,5;98;96;98;228;2,4;1,7;
2026/05/28;0600 UTC;0;994,4;994,8;994,4;0;19,9;19,6;20;19,7;19,8;19,5;98;98;98;220;2,8;1,7;
2026/05/28;0700 UTC;0;994,3;994,4;994,2;0;19,7;19,5;19,9;19,6;19,6;19,4;99;98;98;213;2,7;1,2;
2026/05/28;0800 UTC;0;994,6;994,7;994,3;0;19,3;19,1;19,8;19,3;19,5;19,1;99;98;99;222;3;1,7;
2026/05/28;0900 UTC;0;995;995;994,6;8,2;19,3;19,2;19,4;19,2;19,2;19,1;99;99;99;220;2,9;1,3;
2026/05/28;1000 UTC;0;995,7;995,7;995;131,9;21,7;20,4;21,7;19,3;20,4;19,2;99;92;92;221;2,6;1,5;
2026/05/28;1100 UTC;0;996,6;996,6;995,7;1089,6;24,5;21;24,5;21,7;21,1;20,4;93;80;81;188;3,3;2,1;
2026/05/28;1200 UTC;0;996,9;997;996,6;2030,2;25,9;20,1;26,1;24,5;21,6;20,1;83;70;70;164;4,8;2;
2026/05/28;1300 UTC;0;996,5;997;996,5;2521;26,9;20,5;26,9;25,7;20,8;19,2;73;65;68;145;5,6;2,8;
2026/05/28;1400 UTC;0;995,9;996,6;995,9;2258,4;26,8;19,3;28;26,3;20,9;19,3;69;62;64;127;5,3;2,6;
2026/05/28;1500 UTC;0;995;995,9;995;2391,3;27,4;18,8;28,5;26,8;20;18,3;63;56;60;146;5,4;1,9;
2026/05/28;1600 UTC;0;994,4;995;994,4;2310,8;27,8;18,9;28,8;27,2;20,1;18,1;63;54;58;137;6,3;2,3;
2026/05/28;1700 UTC;0;993,8;994,4;993,8;2343;27,9;18,7;29;27,6;19,9;18,1;61;54;58;126;5,8;3;
2026/05/28;1800 UTC;0;993,3;993,8;993,3;1837,1;28,1;19,3;28,3;27,5;19,5;18,3;61;56;59;167;5,9;2,8;
2026/05/28;1900 UTC;0;993,4;993,6;993,3;1092,3;26,4;21,2;28,2;26,2;21,2;18,9;73;58;73;121;7,2;2,9;
2026/05/28;2000 UTC;0;993,8;993,8;993,4;199,8;24,8;20,5;26,4;24,8;21,2;20,5;79;73;77;127;6,6;1,9;
2026/05/28;2100 UTC;0;994,4;994,4;993,8;10,5;23,4;20,5;24,8;23,4;20,5;20,3;84;77;84;159;4,7;1,4;
2026/05/28;2200 UTC;0;995,1;995,1;994,3;0;22,8;21,1;23,4;22,8;21,1;20,6;90;84;90;158;3,3;1,2;
2026/05/28;2300 UTC;0;995,7;995,7;995,1;0;23,1;21,4;23,2;22,8;21,4;21,1;90;89;90;158;3,1;1,1;
2026/05/29;0000 UTC;0;996,1;996,1;995,7;0;23,1;21,6;23,2;23;21,6;21,4;91;90;91;183;5;2,5;
2026/05/29;0100 UTC;,2;996,7;996,7;996,1;0;22;21,7;23,1;22;21,7;21,5;98;91;98;133;5,9;2,2;
2026/05/29;0200 UTC;1;996,4;996,9;996,4;0;21,6;21,5;22;21,3;21,6;21,3;100;98;99;169;5;,9;
2026/05/29;0300 UTC;,2;996;996,4;996;0;21,3;21,1;21,7;21,3;21,5;21,1;99;98;99;235;2,2;,7;
2026/05/29;0400 UTC;0;995,7;996;995,7;0;20,9;20,8;21,3;20,8;21,1;20,6;100;99;100;136;1,2;,3;
2026/05/29;0500 UTC;0;995,3;995,7;995,2;0;21,1;21,1;21,1;20,9;21,1;20,8;100;100;100;216;2,1;1,1;
2026/05/29;0600 UTC;0;994,9;995,3;994,9;0;20,7;20,7;21,2;20,7;21,1;20,7;100;100;100;231;2,2;1,2;
2026/05/29;0700 UTC;0;995,1;995,1;994,9;0;21,4;21,4;21,4;20,6;21,4;20,6;100;100;100;196;3,7;1,7;
2026/05/29;0800 UTC;,8;995,4;995,5;995,1;,1;21,3;21,3;21,4;21;21,4;21;100;100;100;155;3,7;1,1;
2026/05/29;0900 UTC;0;995,9;995,9;995,4;9,5;21,2;21,1;21,5;21,2;21,5;21,1;100;99;99;193;3,9;1,7;
2026/05/29;1000 UTC;0;996,3;996,3;995,8;165,8;22,2;21,7;22,3;21,2;21,9;21,2;100;97;97;207;3,2;1,6;
2026/05/29;1100 UTC;0;997,1;997,1;996,3;1116,1;24,5;22,1;24,9;22,2;22,6;21,7;97;85;87;166;3,7;1,6;
2026/05/29;1200 UTC;0;997,3;997,3;997,1;1770,7;25,5;22,3;25,8;24,5;22,9;21,9;87;81;83;155;4,5;2,1;
2026/05/29;1300 UTC;0;997;997,3;997;1904,8;26,8;22,7;27,1;25,1;23,2;21,8;84;74;78;158;6,1;2,2;
2026/05/29;1400 UTC;0;996,4;997;996,4;2472,2;27,4;22,5;28,2;26,4;23,1;21,4;79;69;74;127;6,3;2,9;
2026/05/29;1500 UTC;0;995,5;996,4;995,5;2752,8;28,3;21,9;28,8;27,3;23,3;21,2;77;66;68;120;6,3;3,2;
2026/05/29;1600 UTC;0;994,8;995,5;994,8;2520,8;28,9;22;29,1;27;22,9;21,5;74;64;66;116;7,4;3;
2026/05/29;1700 UTC;0;994,1;994,8;994;2421,2;28,5;21,9;29,1;27,5;22,6;21,2;71;64;67;110;7,8;3,8;
2026/05/29;1800 UTC;0;994;994,1;993,8;1876,9;27,8;21,5;28,7;27,4;22,5;21,1;72;65;69;124;7,4;3,5;
2026/05/29;1900 UTC;0;994,4;994,4;994;1107,9;27,3;20,9;28,4;26,6;22,4;20,6;71;64;68;119;7,5;2,8;
2026/05/29;2000 UTC;0;994,8;994,8;994,4;411,8;25,7;20,3;27,3;25,7;20,9;20,2;73;67;72;119;5,7;1,9;
2026/05/29;2100 UTC;0;995,5;995,5;994,8;5;24;20,5;25,7;24;20,5;20,1;81;72;81;142;3,7;1,6;
2026/05/29;2200 UTC;0;996;996;995,5;0;23,3;21;24;23,3;21;20,4;87;81;87;155;3,6;1,7;
2026/05/29;2300 UTC;0;996,5;996,5;995,9;0;23,1;21,1;23,3;23;21,2;20,9;89;87;89;154;3,5;1,8;
2026/05/30;0000 UTC;0;997;997;996,5;0;22,6;21;23,1;22,6;21,2;21;91;89;91;161;3,4;1,3;
2026/05/30;0100 UTC;0;997;997,2;997;0;22,3;20,8;22,6;22,3;21;20,8;91;90;91;166;2,9;1,4;
2026/05/30;0200 UTC;0;997;997,2;997;0;22;21,2;22,3;21,8;21,3;20,8;96;91;95;190;2,9;1,6;
2026/05/30;0300 UTC;0;996,4;997;996,4;0;21,8;21,1;22;21,7;21,3;21;96;95;96;179;2,9;1,5;
2026/05/30;0400 UTC;0;995,9;996,5;995,9;0;21,4;21;21,8;21,4;21,2;21;97;96;97;199;2,8;1,5;
2026/05/30;0500 UTC;0;995,5;995,9;995,5;0;21;20,7;21,5;21;21;20,6;98;97;98;203;2,7;1,2;
2026/05/30;0600 UTC;0;995,1;995,5;995,1;0;21;20,8;21,1;20,9;20,8;20,6;99;98;99;210;2,8;1,7;
2026/05/30;0700 UTC;0;994,9;995,1;994,9;0;20,6;20,5;21;20,6;20,8;20,5;99;99;99;219;2,8;1,3;
2026/05/30;0800 UTC;0;995,2;995,3;994,9;0;20,8;20,6;21,2;20,6;21,2;20,5;100;99;99;204;3,5;1,1;
2026/05/30;0900 UTC;0;995,9;995,9;995,2;14,6;20,5;20,5;20,9;20,4;20,7;20,3;100;99;100;227;2,3;1,2;
2026/05/30;1000 UTC;0;996,6;996,6;995,9;180,1;22,6;21,9;22,6;20,5;21,9;20,6;100;96;96;223;2,9;1,6;
2026/05/30;1100 UTC;0;997,4;997,4;996,6;1024,9;24;22,2;24,2;22,6;22,7;21,8;96;89;90;202;5,2;3;
2026/05/30;1200 UTC;0;997,8;997,8;997,1;1259,2;23,7;22,4;24,7;23,7;22,9;22;93;86;92;140;5,6;2,8;
2026/05/30;1300 UTC;0;997,5;997,8;997,5;1935,5;25,6;22,4;26,2;23,4;23,5;22,2;95;80;82;130;5;1,9;
2026/05/30;1400 UTC;,4;997,2;997,5;997,1;1362,1;24;22,5;26,9;24;23,2;22,1;91;77;91;111;7,8;3,3;
2026/05/30;1500 UTC;,6;996,4;997,2;996,4;1622,3;24,5;22,8;25,9;23,5;23,4;21,3;93;83;90;184;6,5;2,7;
2026/05/30;1600 UTC;0;995,7;996,4;995,7;1858,5;26;22,9;26,4;24,3;23,8;21,9;91;78;83;149;7,1;2,5;
2026/05/30;1700 UTC;0;995,1;995,7;995,1;1577,9;27;21,7;27,7;26;23,6;21,6;84;72;73;129;6,4;3,3;
2026/05/30;1800 UTC;0;994,9;995,1;994,9;1386,4;27,2;21,3;27,6;26,6;22,2;21,1;76;69;70;123;7,1;3,3;
2026/05/30;1900 UTC;0;995,2;995,2;994,9;1128,4;26,8;20,5;27,3;26,5;22,5;20,3;76;68;68;112;6,7;2,6;
2026/05/30;2000 UTC;0;995,9;995,9;995,2;426,9;25,2;21,1;26,9;25,2;21,3;20,5;78;68;78;118;5,1;1,5;
2026/05/30;2100 UTC;0;996,5;996,5;995,9;3,7;24,1;21,2;25,2;24,1;21,2;21;84;78;84;157;3,1;1,3;
2026/05/30;2200 UTC;0;997;997,1;996,5;0;23;21,5;24,2;22,8;21,6;21,2;93;84;92;170;6,7;1,4;
2026/05/30;2300 UTC;0;997,7;997,7;997;0;22,3;21,6;23;22,3;21,9;21,5;96;92;96;134;8;4;
2026/05/31;0000 UTC;0;997,8;998,1;997,7;0;22,6;21,1;22,6;22;21,6;21,1;97;91;91;128;8;2,5;
2026/05/31;0100 UTC;0;997,6;998,1;997,6;0;21,8;21,2;23,4;21,8;21,3;20;97;81;97;188;6;1,8;
2026/05/31;0200 UTC;0;997,6;997,7;997,5;0;22;21,3;22,2;21,8;21,4;21,2;97;95;96;193;3,3;2;
2026/05/31;0300 UTC;0;997,2;997,6;997,2;0;21,5;21,2;22;21,5;21,3;21,2;98;96;98;216;4,2;2,7;
2026/05/31;0400 UTC;0;996,8;997,3;996,8;0;21,7;21,6;21,9;21,5;21,6;21,2;99;98;99;214;4,7;2,8;
2026/05/31;0500 UTC;,6;996,2;996,8;996;0;21,7;21,7;21,7;21,6;21,7;21,5;100;99;100;209;6;1,9;
2026/05/31;0600 UTC;0;995,6;996,2;995,5;0;21,6;21,6;21,8;21,6;21,8;21,6;100;100;100;221;3,8;2,2;
2026/05/31;0700 UTC;0;995,4;995,6;995,3;0;21,6;21,6;21,6;21,5;21,6;21,5;100;100;100;212;3,7;1,9;
2026/05/31;0800 UTC;,4;995,7;996;995,4;0;21,6;21,6;21,7;21,6;21,6;21,5;100;99;100;197;4,8;2,8;
2026/05/31;0900 UTC;0;995,9;995,9;995,4;8,1;21,6;21,5;21,7;21,6;21,6;21,5;100;99;99;215;4,7;2,1;
2026/05/31;1000 UTC;0;996,8;996,8;995,9;160,5;22;21,8;22;21,6;21,8;21,5;99;98;98;206;4,3;2,5;
2026/05/31;1100 UTC;0;997,5;997,5;996,8;620,5;22,9;22;23,1;22;22,3;21,7;98;94;95;209;4,3;2,4;
2026/05/31;1200 UTC;0;997,4;997,8;997,4;1490,5;24,6;22,2;24,7;22,7;22,9;21,8;95;87;87;229;4,9;3;
2026/05/31;1300 UTC;0;997,4;997,5;997,2;1782,4;25;22,1;25,5;24,4;22,7;21,6;87;81;84;217;5,5;2,8;
2026/05/31;1400 UTC;0;996,5;997,5;996,5;1649,3;25,5;22,1;26;25;22,8;21,6;85;79;81;198;5,4;2,6;
2026/05/31;1500 UTC;0;995,5;996,5;995,5;1728;26,6;22,2;26,8;25,5;23;21,6;81;76;77;194;6;2,4;
2026/05/31;1600 UTC;0;994,6;995,5;994,4;2016,8;27,2;21,6;27,6;26,4;22,8;21,2;77;70;71;149;5,1;1,9;
2026/05/31;1700 UTC;1,2;993,7;994,6;993,7;769,8;25,1;22,7;27,2;23,7;23,5;21,5;96;71;87;147;6,5;2,5;
2026/05/31;1800 UTC;0;993,8;993,9;993,6;1048,3;26;23,2;26,2;25,1;23,2;22;88;79;84;202;6,1;3,9;
2026/05/31;1900 UTC;0;993,9;993,9;993,6;1011,8;24,9;22,9;26,3;24,3;23,4;22,2;91;82;89;198;7,3;2,8;
2026/05/31;2000 UTC;,6;994,3;994,3;993,9;189;23,6;22,6;24,9;23,4;23,1;22,2;97;88;94;211;7,1;3,1;
2026/05/31;2100 UTC;0;995;995;994,3;5,8;23,1;22,6;23,6;23,1;22,6;22,4;97;94;97;144;5,9;2,6;
2026/05/31;2200 UTC;0;995,3;995,4;995;0;22,7;22;23,1;22,5;22,6;22;97;96;96;183;4,9;2,9;
2026/05/31;2300 UTC;0;995,9;995,9;995,3;0;22,5;22,1;22,7;22,5;22,1;21,9;98;96;98;205;4,9;2,8;
